{"sum": 421016.0, "avr": 537.0102040816327, "sumMD": 19133.0, "avrMD": 683.3214285714286, "sumSD": 14620.0, "avrSD": 522.1428571428571, "max": 998.0, "min": 101.0}